id,pick_tlx,pick_tly,pick_brx,pick_bry,place_tlx,place_tly,place_brx,place_bry
0,232.02686,301.7578,256.88397,335.54077,55.689697,381.5918,333.0813,500.06104
1,144.30542,192.62695,165.08743,254.94385,0.0,373.7793,137.55762,499.87793
