id,pick_tlx,pick_tly,pick_brx,pick_bry,place_tlx,place_tly,place_brx,place_bry
0,101.75098,36.905273,343.80176,156.58594,88.1543,346.3418,324.67676,399.6079
1,94.504395,153.44824,328.63623,265.7329,303.7588,1.5104828,442.78857,256.85913
