id,pick_tlx,pick_tly,pick_brx,pick_bry,place_tlx,place_tly,place_brx,place_bry
0,24.675537,74.64844,329.01147,593.71094,0.0,289.375,138.40039,471.71875
1,0.0,496.5625,43.03662,527.48047,24.675537,74.64844,329.01147,593.71094
