id,pick_tlx,pick_tly,pick_brx,pick_bry,place_tlx,place_tly,place_brx,place_bry
0,412.8125,220.78125,461.52344,240.11719,44.023438,159.25781,255.89844,399.2578
1,10.859375,246.09375,34.335938,286.9336,285.46875,221.95312,483.75,377.8125
