id,pick_tlx,pick_tly,pick_brx,pick_bry,place_tlx,place_tly,place_brx,place_bry
0,277.5,172.64648,372.26566,252.72949,386.87497,300.5713,473.04684,389.59863
1,491.5625,333.22852,638.125,420.9038,163.75,10.5303955,428.90625,304.44543
2,116.09375,260.42578,300.3125,394.48682,501.24997,214.45605,639.9219,323.14014
