id,pick_tlx,pick_tly,pick_brx,pick_bry,place_tlx,place_tly,place_brx,place_bry
0,250.78125,140.27344,357.96875,260.15625,250.78125,140.27344,357.96875,260.15625
1,11.533203,286.64062,148.87695,436.52344,332.5,298.125,497.5,459.375
2,0.0,387.65625,218.4375,475.2539,577.5,105.29297,640.0,358.41797
