id,pick_tlx,pick_tly,pick_brx,pick_bry,place_tlx,place_tly,place_brx,place_bry
0,272.34375,240.66504,388.04688,396.4629,395.31253,242.3291,571.5625,405.51123
1,371.87497,39.833496,590.9375,271.13818,256.25,6.2402344,365.625,176.07861
