id,pick_tlx,pick_tly,pick_brx,pick_bry,place_tlx,place_tly,place_brx,place_bry
0,117.421875,146.60156,256.64062,379.33594,18.271484,123.75,83.7793,175.3125
1,293.90625,224.76562,401.79688,414.60938,12.910156,93.33984,82.63672,308.26172
