id,pick_tlx,pick_tly,pick_brx,pick_bry,place_tlx,place_tly,place_brx,place_bry
0,247.65625,288.04688,328.28125,320.18555,52.851562,197.34375,260.03906,335.39062
1,220.625,368.90625,384.6875,479.8828,318.90625,94.04297,591.40625,268.0664
