id,pick_tlx,pick_tly,pick_brx,pick_bry,place_tlx,place_tly,place_brx,place_bry
0,390.8672,167.34375,560.0039,286.12793,203.50195,69.92578,420.75,455.11523
1,5.350891,38.212646,167.46515,187.17847,63.164795,219.78809,259.6443,426.87598
