id,pick_tlx,pick_tly,pick_brx,pick_bry,place_tlx,place_tly,place_brx,place_bry
0,291.25,278.20312,522.03125,474.4922,1.0797119,359.29688,298.73596,472.5586
1,192.8125,137.22656,306.79688,288.98438,415.625,1.1801147,629.375,424.227
