id,pick_tlx,pick_tly,pick_brx,pick_bry,place_tlx,place_tly,place_brx,place_bry
0,417.7246,273.01025,480.07202,345.65735,254.63867,271.1792,417.11426,372.80273
1,0.0,53.92456,185.4248,226.68457,151.48926,1.0800362,358.39844,146.83199
