id,pick_tlx,pick_tly,pick_brx,pick_bry,place_tlx,place_tly,place_brx,place_bry
0,267.12997,317.7,425.56,370.78998,136.37999,142.13,166.8,215.84
1,287.85,228.32,367.0,303.04,42.56,135.01999,113.159996,374.90002
2,197.73001,193.19,230.37001,223.26,413.21,135.84999,427.94998,166.90001
