id,pick_tlx,pick_tly,pick_brx,pick_bry,place_tlx,place_tly,place_brx,place_bry
0,109.44,453.63998,152.9,495.85,226.56999,360.85,296.11002,525.6
1,283.3,450.19,310.03,488.86002,371.72,344.95,403.88998,412.7
