id,pick_tlx,pick_tly,pick_brx,pick_bry,place_tlx,place_tly,place_brx,place_bry
0,1.15,318.85,97.89,386.99,390.68,111.69,416.02002,182.22
1,2.8799999,460.21997,138.06999,634.25,360.44,114.159996,378.5,176.41
