id,pick_tlx,pick_tly,pick_brx,pick_bry,place_tlx,place_tly,place_brx,place_bry
0,24.27,246.83,145.13,320.85,519.88,302.02,609.07996,403.91
1,0.0,323.28,59.22,349.21002,519.88,302.02,609.07996,403.91
