id,pick_tlx,pick_tly,pick_brx,pick_bry,place_tlx,place_tly,place_brx,place_bry
0,415.11002,131.22,425.76,148.08,428.7,171.06999,525.42004,309.11002
1,463.1,282.68,473.02002,319.23,428.7,171.06999,525.42004,309.11002
2,58.590004,196.12,78.25,233.75,377.72,227.45,431.0,257.81
