id,pick_tlx,pick_tly,pick_brx,pick_bry,place_tlx,place_tly,place_brx,place_bry
0,183.36,136.56,244.14001,228.95001,3.27,266.85,404.5,475.1
1,493.36002,155.72,525.95,162.08,3.27,266.85,404.5,475.1
